{
	"EPI1": [
		{"SN": 0.219986253793208, "DMN": 0.19879416939337372, "ECN": 0.09311080413620369}
		],
	"EPI2": [
		{"SN": 0.1586602079645096, "DMN": 0.15830287645600305, "ECN": 0.13610459072349188}
	]
}