{
	"EPI1": [
		{"DMN": 0.3612327342549958, "SN": 0.36594731104141204, "ECN": 0.4103003289319152}
		],
	"EPI2": [
		{"DMN": 0.43707597131902304, "SN": 0.4854244668719318, "ECN": 0.4711811105133274}
	]
}
