{
	"EPI1": [
		{"DMN": 0.5585424920227298, "SN": 0.42404998871179816, "ECN": 0.3215550818157308}
		],
	"EPI2": [
		{"DMN": 0.3504008850013712, "SN": 0.14133938046258057, "ECN": 0.31997863687447364}
	]
}