{
	"EPI1":[
		{"DMN": 0.10363051783848662, "SN": 0.10848937628425902, "ECN": 0.20419336227393906}
		],
	"EPI2":[
		{"DMN": 0.12974232064350874, "SN": 0.14665932013502156, "ECN": 0.21092708738101865}
	]
}
