{
	"EPI1": [
		{"DMN": 0.15721708382087163, "SN": 0.1438314594956751, "ECN": 0.13817466701640893}
		],
	"EPI2": [
		{"DMN": 0.10188232006323178, "SN": 0.1210977798623367, "ECN": 0.1537981757653103}
	]
}
